State,Rank,Make/Model,Make,Model Year,Thefts
Alabama,1,Chevrolet Pickup (Full Size),Chevrolet,2005,499.00
Alabama,2,Ford Pickup (Full Size),Ford,2006,357.00
Alabama,3,Toyota Camry,Toyota,2014,205.00
Alabama,4,Nissan Altima,Nissan,2014,191.00
Alabama,4,Chevrolet Impala,Chevrolet,2004,191.00
Alabama,5,Honda Accord,Honda,1998,180.00
Alabama,6,GMC Pickup (Full Size),GMC,1999,152.00
Alabama,7,Dodge Pickup (Full Size),Dodge,1998,138.00
Alabama,8,Ford Mustang,Ford,2002,122.00
Alabama,9,Ford Explorer,Ford,2002,119.00
Alaska,1,Chevrolet Pickup (Full Size),Chevrolet,2003,147.00
Alaska,2,Ford Pickup (Full Size),Ford,2004,95.00
Alaska,3,GMC Pickup (Full Size),GMC,1997,58.00
Alaska,4,Honda Civic,Honda,2000,56.00
Alaska,5,Honda Accord,Honda,1993,46.00
Alaska,6,Dodge Pickup (Full Size),Dodge,1998,44.00
Alaska,7,Ford Explorer,Ford,1994,31.00
Alaska,8,Jeep Cherokee/Grand Cherokee,Jeep,1999,28.00
Alaska,9,Ford Pickup (Small Size),Ford,2000,22.00
Alaska,10,Chevrolet Pickup (Small Size),Chevrolet,1998,20.00
Arizona,1,Honda Accord,Honda,1997,1072.00
Arizona,2,Honda Civic,Honda,1998,1016.00
Arizona,3,Chevrolet Pickup (Full Size),Chevrolet,2004,850.00
Arizona,4,Ford Pickup (Full Size),Ford,2006,772.00
Arizona,5,Dodge Pickup (Full Size),Dodge,2001,428.00
Arizona,6,Nissan Altima,Nissan,2015,269.00
Arizona,7,GMC Pickup (Full Size),GMC,2015,246.00
Arizona,8,Toyota Camry,Toyota,1999,210.00
Arizona,9,Jeep Cherokee/Grand Cherokee,Jeep,1994,207.00
Arizona,10,Nissan Sentra,Nissan,2014,200.00
Arkansas,1,Chevrolet Pickup (Full Size),Chevrolet,2004,402.00
Arkansas,2,Ford Pickup (Full Size),Ford,2008,252.00
Arkansas,3,GMC Pickup (Full Size),GMC,1997,174.00
Arkansas,4,Dodge Pickup (Full Size),Dodge,1999,127.00
Arkansas,5,Honda Accord,Honda,1997,122.00
Arkansas,6,Nissan Altima,Nissan,2015,89.00
Arkansas,7,Toyota Camry,Toyota,2013,82.00
Arkansas,8,Chevrolet Impala,Chevrolet,2012,76.00
Arkansas,9,Chevrolet Malibu,Chevrolet,2006,72.00
Arkansas,10,Chevrolet Tahoe,Chevrolet,2003,68.00
California,1,Honda Accord,Honda,1996,28345.00
California,2,Honda Civic,Honda,1998,28045.00
California,3,Chevrolet Pickup (Full Size),Chevrolet,2006,6048.00
California,4,Toyota Camry,Toyota,1991,5345.00
California,5,Ford Pickup (Full Size),Ford,2006,4504.00
California,6,Acura Integra,Acura,1994,4273.00
California,7,Toyota Corolla,Toyota,2014,3339.00
California,8,Nissan Sentra,Nissan,1997,2555.00
California,9,Nissan Altima,Nissan,1997,2281.00
California,10,Honda CR-V,Honda,1999,2033.00
Colorado,1,Honda Civic,Honda,1997,1380.00
Colorado,2,Honda Accord,Honda,1997,1167.00
Colorado,3,Ford Pickup (Full Size),Ford,2005,595.00
Colorado,4,Jeep Cherokee/Grand Cherokee,Jeep,1999,594.00
Colorado,5,Chevrolet Pickup (Full Size),Chevrolet,2000,450.00
Colorado,6,Dodge Pickup (Full Size),Dodge,2001,308.00
Colorado,7,Subaru Legacy,Subaru,1996,215.00
Colorado,8,Acura Integra,Acura,1994,208.00
Colorado,9,Toyota Camry,Toyota,1989,203.00
Colorado,10,Toyota Corolla,Toyota,2014,170.00
Connecticut,1,Honda Accord,Honda,1997,534.00
Connecticut,2,Honda Civic,Honda,1998,532.00
Connecticut,3,Nissan Maxima,Nissan,1998,184.00
Connecticut,4,Nissan Altima,Nissan,1997,143.00
Connecticut,5,Toyota Camry,Toyota,2014,131.00
Connecticut,6,Jeep Cherokee/Grand Cherokee,Jeep,2000,110.00
Connecticut,7,Toyota Corolla,Toyota,1999,99.00
Connecticut,8,Honda CR-V,Honda,1998,92.00
Connecticut,9,Dodge Caravan,Dodge,2000,79.00
Connecticut,10,Acura TL,Acura,2003,76.00
Delaware,1,Honda Civic,Honda,2000,53.00
Delaware,2,Honda Accord,Honda,2004,43.00
Delaware,3,Chevrolet Pickup (Full Size),Chevrolet,2005,36.00
Delaware,4,Ford Pickup (Full Size),Ford,1999,31.00
Delaware,5,Chevrolet Impala,Chevrolet,2007,28.00
Delaware,6,Nissan Altima,Nissan,2006,23.00
Delaware,6,Honda CR-V,Honda,2001,23.00
Delaware,7,Ford Taurus,Ford,2002,22.00
Delaware,8,Toyota Corolla,Toyota,2010,21.00
Delaware,9,Toyota Camry,Toyota,2012,20.00
District Of Columbia,1,Dodge Caravan,Dodge,2002,167.00
District Of Columbia,2,Honda Accord,Honda,1997,132.00
District Of Columbia,3,Jeep Cherokee/Grand Cherokee,Jeep,2001,109.00
District Of Columbia,4,Toyota Camry,Toyota,2014,95.00
District Of Columbia,5,Toyota Corolla,Toyota,2010,70.00
District Of Columbia,6,Nissan Altima,Nissan,2015,62.00
District Of Columbia,7,Ford Pickup (Full Size),Ford,1997,49.00
District Of Columbia,8,Chevrolet Pickup (Full Size),Chevrolet,1999,41.00
District Of Columbia,9,Chevrolet Impala,Chevrolet,2013,40.00
District Of Columbia,9,Chrysler 300/300M,Chrysler,2005,40.00
Florida,1,Ford Pickup (Full Size),Ford,2006,2070.00
Florida,2,Honda Civic,Honda,2000,1127.00
Florida,3,Nissan Altima,Nissan,2015,1098.00
Florida,4,Toyota Camry,Toyota,2014,1089.00
Florida,5,Honda Accord,Honda,1997,1025.00
Florida,6,Toyota Corolla,Toyota,2014,914.00
Florida,7,Chevrolet Pickup (Full Size),Chevrolet,2015,786.00
Florida,8,Chevrolet Impala,Chevrolet,2015,542.00
Florida,9,Dodge Pickup (Full Size),Dodge,2005,534.00
Florida,10,Nissan Maxima,Nissan,2014,479.00
Georgia,1,Honda Accord,Honda,1997,1052.00
Georgia,2,Ford Pickup (Full Size),Ford,2006,954.00
Georgia,3,Chevrolet Pickup (Full Size),Chevrolet,1999,948.00
Georgia,4,Honda Civic,Honda,2000,653.00
Georgia,5,Toyota Camry,Toyota,2014,568.00
Georgia,6,Chevrolet Impala,Chevrolet,2008,512.00
Georgia,7,Nissan Altima,Nissan,2014,484.00
Georgia,8,Dodge Pickup (Full Size),Dodge,2003,452.00
Georgia,9,Jeep Cherokee/Grand Cherokee,Jeep,2001,449.00
Georgia,10,Dodge Caravan,Dodge,2002,425.00
Hawaii,1,Honda Civic,Honda,2000,250.00
Hawaii,2,Honda Accord,Honda,1994,180.00
Hawaii,3,Ford Pickup (Full Size),Ford,2006,154.00
Hawaii,4,Toyota Tacoma,Toyota,2003,86.00
Hawaii,5,Toyota Corolla,Toyota,2004,64.00
Hawaii,6,Toyota Camry,Toyota,2000,55.00
Hawaii,7,Toyota 4Runner,Toyota,1997,45.00
Hawaii,8,Nissan Frontier,Nissan,2004,44.00
Hawaii,9,Nissan Altima,Nissan,2004,42.00
Hawaii,10,Dodge Pickup (Full Size),Dodge,2001,37.00
Idaho,1,Ford Pickup (Full Size),Ford,2004,108.00
Idaho,2,Chevrolet Pickup (Full Size),Chevrolet,1999,76.00
Idaho,3,Honda Accord,Honda,1996,66.00
Idaho,4,Honda Civic,Honda,1996,52.00
Idaho,5,Dodge Pickup (Full Size),Dodge,2001,45.00
Idaho,6,GMC Pickup (Full Size),GMC,1992,32.00
Idaho,7,Ford Explorer,Ford,2002,22.00
Idaho,8,Ford Pickup (Small Size),Ford,1991,19.00
Idaho,8,Toyota Camry,Toyota,1997,19.00
Idaho,8,Jeep Cherokee/Grand Cherokee,Jeep,1997,19.00
Illinois,1,Dodge Caravan,Dodge,2000,1054.00
Illinois,2,Chevrolet Impala,Chevrolet,2008,579.00
Illinois,3,Honda Civic,Honda,2000,566.00
Illinois,4,Honda Accord,Honda,1997,481.00
Illinois,5,Chevrolet Malibu,Chevrolet,2011,442.00
Illinois,6,Chevrolet Pickup (Full Size),Chevrolet,1999,418.00
Illinois,7,Ford Pickup (Full Size),Ford,2006,392.00
Illinois,8,Toyota Camry,Toyota,2014,383.00
Illinois,9,Jeep Cherokee/Grand Cherokee,Jeep,2000,374.00
Illinois,10,Nissan Altima,Nissan,2014,326.00
Indiana,1,Ford Pickup (Full Size),Ford,2005,659.00
Indiana,2,Chevrolet Pickup (Full Size),Chevrolet,1994,619.00
Indiana,3,Chevrolet Impala,Chevrolet,2004,423.00
Indiana,4,Dodge Pickup (Full Size),Dodge,2001,263.00
Indiana,5,Chevrolet Malibu,Chevrolet,2005,238.00
Indiana,6,GMC Pickup (Full Size),GMC,1995,192.00
Indiana,7,Honda Accord,Honda,1994,186.00
Indiana,7,Chevrolet Pickup (Small Size),Chevrolet,1998,186.00
Indiana,8,Pontiac Grand Prix,Pontiac,2004,183.00
Indiana,9,Ford Taurus,Ford,2003,182.00
Iowa,1,Chevrolet Pickup (Full Size),Chevrolet,2002,258.00
Iowa,2,Ford Pickup (Full Size),Ford,2001,198.00
Iowa,3,Chevrolet Impala,Chevrolet,2005,101.00
Iowa,4,Dodge Pickup (Full Size),Dodge,2004,93.00
Iowa,5,Ford Taurus,Ford,2003,77.00
Iowa,6,Jeep Cherokee/Grand Cherokee,Jeep,2005,65.00
Iowa,7,GMC Pickup (Full Size),GMC,2007,60.00
Iowa,8,Toyota Camry,Toyota,1997,59.00
Iowa,9,Dodge Caravan,Dodge,2005,56.00
Iowa,9,Pontiac Grand Prix,Pontiac,1999,56.00
Kansas,1,Chevrolet Pickup (Full Size),Chevrolet,1999,439.00
Kansas,2,Ford Pickup (Full Size),Ford,2003,415.00
Kansas,3,Honda Accord,Honda,1996,319.00
Kansas,4,Honda Civic,Honda,2000,220.00
Kansas,5,Dodge Pickup (Full Size),Dodge,2001,160.00
Kansas,6,GMC Pickup (Full Size),GMC,1999,113.00
Kansas,7,Chevrolet Impala,Chevrolet,2004,98.00
Kansas,8,Dodge Caravan,Dodge,2002,89.00
Kansas,8,Jeep Cherokee/Grand Cherokee,Jeep,2000,89.00
Kansas,9,Chevrolet Pickup (Small Size),Chevrolet,1998,88.00
Kentucky,1,Chevrolet Pickup (Full Size),Chevrolet,1998,250.00
Kentucky,2,Ford Pickup (Full Size),Ford,2001,241.00
Kentucky,3,Toyota Camry,Toyota,1999,178.00
Kentucky,4,Chevrolet Impala,Chevrolet,2005,118.00
Kentucky,5,Toyota Corolla,Toyota,2014,110.00
Kentucky,6,Honda Accord,Honda,1997,108.00
Kentucky,7,Ford Explorer,Ford,2000,99.00
Kentucky,8,Ford Taurus,Ford,2002,94.00
Kentucky,9,Dodge Pickup (Full Size),Dodge,2001,93.00
Kentucky,10,Chevrolet Pickup (Small Size),Chevrolet,2000,79.00
Louisiana,1,Chevrolet Pickup (Full Size),Chevrolet,2006,671.00
Louisiana,2,Ford Pickup (Full Size),Ford,2006,584.00
Louisiana,3,GMC Pickup (Full Size),GMC,2006,253.00
Louisiana,4,Toyota Camry,Toyota,2007,224.00
Louisiana,5,Dodge Pickup (Full Size),Dodge,2003,222.00
Louisiana,6,Nissan Altima,Nissan,2014,215.00
Louisiana,7,Honda Accord,Honda,2008,209.00
Louisiana,8,Chevrolet Impala,Chevrolet,2008,177.00
Louisiana,9,GMC Yukon,GMC,2003,125.00
Louisiana,10,Chevrolet Tahoe,Chevrolet,2007,114.00
Maine,1,Chevrolet Pickup (Full Size),Chevrolet,2001,29.00
Maine,2,GMC Pickup (Full Size),GMC,1993,26.00
Maine,3,Jeep Cherokee/Grand Cherokee,Jeep,2004,18.00
Maine,4,Ford Pickup (Full Size),Ford,2004,15.00
Maine,5,Toyota Corolla,Toyota,2009,13.00
Maine,5,Toyota Camry,Toyota,1996,13.00
Maine,6,Honda Civic,Honda,2009,11.00
Maine,7,Chevrolet Impala,Chevrolet,2000,8.00
Maine,7,Ford Focus,Ford,2001,8.00
Maine,8,Chevrolet Cobalt,Chevrolet,2005,7.00
Maryland,1,Dodge Caravan,Dodge,2003,727.00
Maryland,2,Honda Accord,Honda,2008,675.00
Maryland,3,Toyota Camry,Toyota,2014,347.00
Maryland,4,Honda Civic,Honda,2012,313.00
Maryland,5,Ford Pickup (Full Size),Ford,2004,287.00
Maryland,6,Nissan Altima,Nissan,2013,230.00
Maryland,7,Toyota Corolla,Toyota,2014,204.00
Maryland,8,Jeep Cherokee/Grand Cherokee,Jeep,2015,194.00
Maryland,9,Chevrolet Pickup (Full Size),Chevrolet,1999,192.00
Maryland,10,Hyundai Sonata,Hyundai,2013,169.00
Massachusetts,1,Honda Civic,Honda,2000,426.00
Massachusetts,2,Honda Accord,Honda,1997,402.00
Massachusetts,3,Toyota Camry,Toyota,2014,260.00
Massachusetts,4,Toyota Corolla,Toyota,2010,203.00
Massachusetts,5,Dodge Caravan,Dodge,2005,188.00
Massachusetts,6,Ford Pickup (Full Size),Ford,2004,178.00
Massachusetts,7,Nissan Altima,Nissan,2005,156.00
Massachusetts,8,Jeep Cherokee/Grand Cherokee,Jeep,1999,143.00
Massachusetts,9,Honda CR-V,Honda,1999,107.00
Massachusetts,10,Chevrolet Pickup (Full Size),Chevrolet,2015,95.00
Michigan,1,Chevrolet Impala,Chevrolet,2008,733.00
Michigan,2,Chevrolet Pickup (Full Size),Chevrolet,1999,585.00
Michigan,3,Ford Pickup (Full Size),Ford,2006,530.00
Michigan,4,Dodge Caravan,Dodge,2003,528.00
Michigan,5,Dodge Charger,Dodge,2015,477.00
Michigan,6,Chevrolet Trailblazer,Chevrolet,2007,462.00
Michigan,7,Chevrolet Malibu,Chevrolet,2013,451.00
Michigan,8,Pontiac Grand Prix,Pontiac,2004,418.00
Michigan,9,Jeep Cherokee/Grand Cherokee,Jeep,2000,407.00
Michigan,10,Ford Fusion,Ford,2014,355.00
Minnesota,1,Honda Civic,Honda,1998,676.00
Minnesota,2,Honda Accord,Honda,1997,524.00
Minnesota,3,Chevrolet Pickup (Full Size),Chevrolet,1999,329.00
Minnesota,4,Ford Pickup (Full Size),Ford,2005,246.00
Minnesota,5,Toyota Camry,Toyota,1999,214.00
Minnesota,6,Honda CR-V,Honda,1999,190.00
Minnesota,7,Chevrolet Impala,Chevrolet,2004,171.00
Minnesota,8,Dodge Caravan,Dodge,2003,143.00
Minnesota,9,Toyota Corolla,Toyota,2010,109.00
Minnesota,10,Acura Integra,Acura,1996,95.00
Mississippi,1,Chevrolet Pickup (Full Size),Chevrolet,1994,286.00
Mississippi,2,Ford Pickup (Full Size),Ford,2006,278.00
Mississippi,3,Nissan Altima,Nissan,2015,128.00
Mississippi,4,Chevrolet Impala,Chevrolet,2006,114.00
Mississippi,5,GMC Pickup (Full Size),GMC,2000,103.00
Mississippi,6,Toyota Camry,Toyota,2014,94.00
Mississippi,7,Honda Accord,Honda,2007,91.00
Mississippi,8,Dodge Pickup (Full Size),Dodge,2005,85.00
Mississippi,9,Chevrolet Malibu,Chevrolet,2015,73.00
Mississippi,10,Chevrolet Tahoe,Chevrolet,2005,68.00
Missouri,1,Ford Pickup (Full Size),Ford,2004,880.00
Missouri,2,Chevrolet Pickup (Full Size),Chevrolet,2000,783.00
Missouri,3,Dodge Caravan,Dodge,2003,465.00
Missouri,4,Dodge Pickup (Full Size),Dodge,2001,410.00
Missouri,5,Chevrolet Impala,Chevrolet,2008,369.00
Missouri,6,Jeep Cherokee/Grand Cherokee,Jeep,1998,289.00
Missouri,7,Honda Accord,Honda,1997,274.00
Missouri,8,Ford Taurus,Ford,2002,250.00
Missouri,9,Chevrolet Malibu,Chevrolet,2015,243.00
Missouri,10,Toyota Camry,Toyota,2014,236.00
Montana,1,Chevrolet Pickup (Full Size),Chevrolet,1999,165.00
Montana,2,Ford Pickup (Full Size),Ford,1995,145.00
Montana,3,Dodge Pickup (Full Size),Dodge,2006,78.00
Montana,4,GMC Pickup (Full Size),GMC,2008,55.00
Montana,5,Honda Accord,Honda,1994,52.00
Montana,6,Chevrolet Impala,Chevrolet,2001,31.00
Montana,7,Ford Explorer,Ford,1996,27.00
Montana,8,Chevrolet Pickup (Small Size),Chevrolet,1995,24.00
Montana,9,Toyota Camry,Toyota,2015,23.00
Montana,10,Ford Pickup (Small Size),Ford,2000,22.00
Nebraska,1,Chevrolet Pickup (Full Size),Chevrolet,1996,196.00
Nebraska,2,Ford Pickup (Full Size),Ford,1999,168.00
Nebraska,3,Honda Civic,Honda,1997,165.00
Nebraska,4,Honda Accord,Honda,1996,157.00
Nebraska,5,Dodge Pickup (Full Size),Dodge,2001,102.00
Nebraska,6,Jeep Cherokee/Grand Cherokee,Jeep,1999,70.00
Nebraska,7,Chevrolet Impala,Chevrolet,2006,68.00
Nebraska,8,GMC Pickup (Full Size),GMC,2015,61.00
Nebraska,9,Toyota Camry,Toyota,2000,49.00
Nebraska,10,Chevrolet Pickup (Small Size),Chevrolet,1998,43.00
Nevada,1,Honda Accord,Honda,1996,1048.00
Nevada,2,Honda Civic,Honda,1998,1011.00
Nevada,3,Chevrolet Pickup (Full Size),Chevrolet,2006,377.00
Nevada,4,Ford Pickup (Full Size),Ford,2006,279.00
Nevada,5,Toyota Camry,Toyota,2015,254.00
Nevada,6,Nissan Maxima,Nissan,1997,208.00
Nevada,7,Nissan Altima,Nissan,1997,207.00
Nevada,8,Nissan Sentra,Nissan,2014,200.00
Nevada,9,Toyota Corolla,Toyota,2014,151.00
Nevada,10,Dodge Pickup (Full Size),Dodge,2005,148.00
New Hampshire,1,Honda Civic,Honda,1997,34.00
New Hampshire,2,Honda Accord,Honda,1996,20.00
New Hampshire,3,Chevrolet Pickup (Full Size),Chevrolet,2002,19.00
New Hampshire,4,Ford Pickup (Full Size),Ford,2002,17.00
New Hampshire,5,Dodge Caravan,Dodge,2003,16.00
New Hampshire,6,Ford Focus,Ford,2007,14.00
New Hampshire,7,Toyota Camry,Toyota,1999,13.00
New Hampshire,8,Jeep Cherokee/Grand Cherokee,Jeep,2000,11.00
New Hampshire,9,GMC Pickup (Full Size),GMC,2007,9.00
New Hampshire,9,Toyota Corolla,Toyota,1999,9.00
New Jersey,1,Honda Accord,Honda,1997,844.00
New Jersey,2,Honda Civic,Honda,1998,753.00
New Jersey,3,Dodge Caravan,Dodge,2002,427.00
New Jersey,4,Nissan Sentra,Nissan,1998,340.00
New Jersey,5,Ford Pickup (Full Size),Ford,2006,295.00
New Jersey,6,Nissan Altima,Nissan,2014,291.00
New Jersey,7,Jeep Cherokee/Grand Cherokee,Jeep,2000,286.00
New Jersey,8,Toyota Camry,Toyota,2014,232.00
New Jersey,9,Nissan Maxima,Nissan,1998,195.00
New Jersey,10,Ford Econoline E350,Ford,2003,184.00
New Mexico,1,Honda Civic,Honda,1998,572.00
New Mexico,2,Ford Pickup (Full Size),Ford,2006,557.00
New Mexico,3,Honda Accord,Honda,1994,545.00
New Mexico,4,Chevrolet Pickup (Full Size),Chevrolet,2006,483.00
New Mexico,5,Dodge Pickup (Full Size),Dodge,2003,269.00
New Mexico,6,GMC Pickup (Full Size),GMC,2006,180.00
New Mexico,7,Jeep Cherokee/Grand Cherokee,Jeep,1994,149.00
New Mexico,8,Toyota Camry,Toyota,1999,128.00
New Mexico,9,Chevrolet Pickup (Small Size),Chevrolet,1998,101.00
New Mexico,10,Chevrolet Impala,Chevrolet,2005,90.00
New York,1,Honda Accord,Honda,1997,724.00
New York,2,Honda Civic,Honda,1998,707.00
New York,3,Toyota Camry,Toyota,2014,500.00
New York,4,Nissan Altima,Nissan,2015,374.00
New York,5,Dodge Caravan,Dodge,2000,368.00
New York,6,Ford Econoline E350,Ford,2011,339.00
New York,7,Nissan Maxima,Nissan,1998,328.00
New York,8,Honda CR-V,Honda,1997,283.00
New York,9,Toyota Corolla,Toyota,2010,280.00
New York,10,Jeep Cherokee/Grand Cherokee,Jeep,2015,263.00
North Carolina,1,Honda Accord,Honda,1997,609.00
North Carolina,2,Ford Pickup (Full Size),Ford,2004,424.00
North Carolina,3,Chevrolet Pickup (Full Size),Chevrolet,2003,370.00
North Carolina,4,Honda Civic,Honda,2000,350.00
North Carolina,5,Toyota Camry,Toyota,2014,291.00
North Carolina,6,Nissan Altima,Nissan,2015,249.00
North Carolina,7,Jeep Cherokee/Grand Cherokee,Jeep,1999,203.00
North Carolina,8,Chevrolet Impala,Chevrolet,2006,194.00
North Carolina,9,Toyota Corolla,Toyota,2014,190.00
North Carolina,10,Ford Explorer,Ford,2003,185.00
North Dakota,1,Chevrolet Pickup (Full Size),Chevrolet,2002,127.00
North Dakota,2,Ford Pickup (Full Size),Ford,1997,101.00
North Dakota,3,Dodge Pickup (Full Size),Dodge,1998,49.00
North Dakota,4,GMC Pickup (Full Size),GMC,2006,37.00
North Dakota,5,Chevrolet Impala,Chevrolet,2015,27.00
North Dakota,6,Honda Accord,Honda,1990,23.00
North Dakota,7,Jeep Cherokee/Grand Cherokee,Jeep,1999,21.00
North Dakota,8,Chevrolet Pickup (Small Size),Chevrolet,1999,18.00
North Dakota,9,Pontiac Grand Am,Pontiac,2000,17.00
North Dakota,10,Ford Taurus,Ford,1998,16.00
Ohio,1,Dodge Caravan,Dodge,2003,679.00
Ohio,2,Chevrolet Pickup (Full Size),Chevrolet,1999,579.00
Ohio,3,Ford Pickup (Full Size),Ford,2004,540.00
Ohio,4,Jeep Cherokee/Grand Cherokee,Jeep,2000,467.00
Ohio,5,Chevrolet Impala,Chevrolet,2007,441.00
Ohio,6,Honda Accord,Honda,1997,437.00
Ohio,7,Chevrolet Malibu,Chevrolet,2015,343.00
Ohio,8,Honda Civic,Honda,2000,325.00
Ohio,9,Toyota Camry,Toyota,2014,308.00
Ohio,10,Dodge Pickup (Full Size),Dodge,2005,297.00
Oklahoma,1,Chevrolet Pickup (Full Size),Chevrolet,1994,1143.00
Oklahoma,2,Ford Pickup (Full Size),Ford,2004,780.00
Oklahoma,3,Dodge Pickup (Full Size),Dodge,2001,419.00
Oklahoma,4,GMC Pickup (Full Size),GMC,1994,304.00
Oklahoma,5,Honda Civic,Honda,1998,292.00
Oklahoma,6,Honda Accord,Honda,1996,269.00
Oklahoma,7,Chevrolet Impala,Chevrolet,2005,181.00
Oklahoma,8,Chevrolet Pickup (Small Size),Chevrolet,1998,127.00
Oklahoma,9,Ford Explorer,Ford,2002,123.00
Oklahoma,10,Chevrolet Malibu,Chevrolet,2009,119.00
Oregon,1,Honda Accord,Honda,1994,1491.00
Oregon,2,Honda Civic,Honda,1998,1276.00
Oregon,3,Subaru Legacy,Subaru,1998,377.00
Oregon,4,Ford Pickup (Full Size),Ford,2004,295.00
Oregon,5,Toyota Camry,Toyota,1990,221.00
Oregon,6,Chevrolet Pickup (Full Size),Chevrolet,1999,217.00
Oregon,7,Acura Integra,Acura,1994,209.00
Oregon,8,Subaru Impreza,Subaru,1999,171.00
Oregon,9,Honda CR-V,Honda,1999,158.00
Oregon,10,Jeep Cherokee/Grand Cherokee,Jeep,1994,141.00
Pennsylvania,1,Honda Accord,Honda,1997,544.00
Pennsylvania,2,Honda Civic,Honda,1998,539.00
Pennsylvania,3,Ford Pickup (Full Size),Ford,2006,303.00
Pennsylvania,4,Toyota Camry,Toyota,2014,269.00
Pennsylvania,5,Nissan Altima,Nissan,2015,261.00
Pennsylvania,6,Chevrolet Impala,Chevrolet,2006,224.00
Pennsylvania,7,Toyota Corolla,Toyota,2014,210.00
Pennsylvania,8,Chevrolet Pickup (Full Size),Chevrolet,2003,203.00
Pennsylvania,9,Jeep Cherokee/Grand Cherokee,Jeep,1999,188.00
Pennsylvania,10,Chevrolet Malibu,Chevrolet,2015,159.00
Rhode Island,1,Honda Accord,Honda,1997,101.00
Rhode Island,2,Honda Civic,Honda,1998,95.00
Rhode Island,3,Toyota Camry,Toyota,2014,69.00
Rhode Island,4,Nissan Maxima,Nissan,2000,45.00
Rhode Island,5,Toyota Corolla,Toyota,2014,40.00
Rhode Island,6,Nissan Altima,Nissan,2013,38.00
Rhode Island,7,Ford Pickup (Full Size),Ford,2003,36.00
Rhode Island,8,Jeep Cherokee/Grand Cherokee,Jeep,1999,32.00
Rhode Island,9,Honda CR-V,Honda,1999,27.00
Rhode Island,10,Toyota Avalon,Toyota,2000,18.00
South Carolina,1,Ford Pickup (Full Size),Ford,2006,586.00
South Carolina,2,Honda Accord,Honda,1996,458.00
South Carolina,3,Chevrolet Pickup (Full Size),Chevrolet,2004,455.00
South Carolina,4,Ford Crown Victoria,Ford,2003,210.00
South Carolina,5,Toyota Camry,Toyota,2014,183.00
South Carolina,6,Honda Civic,Honda,2000,176.00
South Carolina,7,Dodge Pickup (Full Size),Dodge,2001,172.00
South Carolina,8,Chevrolet Impala,Chevrolet,2008,166.00
South Carolina,9,Nissan Altima,Nissan,2015,155.00
South Carolina,10,Ford Explorer,Ford,2002,146.00
South Dakota,1,Chevrolet Pickup (Full Size),Chevrolet,1994,52.00
South Dakota,2,Ford Pickup (Full Size),Ford,2001,47.00
South Dakota,3,Chevrolet Impala,Chevrolet,2004,24.00
South Dakota,4,Dodge Pickup (Full Size),Dodge,2001,23.00
South Dakota,4,Honda Civic,Honda,1996,23.00
South Dakota,5,GMC Pickup (Full Size),GMC,1994,22.00
South Dakota,6,Chevrolet Malibu,Chevrolet,2003,20.00
South Dakota,7,Chevrolet Pickup (Small Size),Chevrolet,1997,17.00
South Dakota,7,Ford Taurus,Ford,2006,17.00
South Dakota,7,Jeep Cherokee/Grand Cherokee,Jeep,1999,17.00
Tennessee,1,Chevrolet Pickup (Full Size),Chevrolet,1997,693.00
Tennessee,2,Ford Pickup (Full Size),Ford,2004,468.00
Tennessee,3,Honda Accord,Honda,1996,267.00
Tennessee,4,Nissan Altima,Nissan,2005,215.00
Tennessee,5,Chevrolet Impala,Chevrolet,2007,213.00
Tennessee,6,GMC Pickup (Full Size),GMC,1996,201.00
Tennessee,7,Honda Civic,Honda,2000,198.00
Tennessee,8,Nissan Maxima,Nissan,1997,188.00
Tennessee,8,Toyota Camry,Toyota,2007,188.00
Tennessee,9,Jeep Cherokee/Grand Cherokee,Jeep,2000,178.00
Texas,1,Ford Pickup (Full Size),Ford,2006,7897.00
Texas,2,Chevrolet Pickup (Full Size),Chevrolet,2004,6158.00
Texas,3,Dodge Pickup (Full Size),Dodge,2004,2898.00
Texas,4,Honda Accord,Honda,1997,1626.00
Texas,5,GMC Pickup (Full Size),GMC,2015,1450.00
Texas,6,Honda Civic,Honda,2000,1371.00
Texas,7,Chevrolet Tahoe,Chevrolet,2004,1148.00
Texas,8,Toyota Camry,Toyota,2014,1030.00
Texas,9,Nissan Altima,Nissan,2012,957.00
Texas,10,Chevrolet Impala,Chevrolet,2007,898.00
Utah,1,Honda Accord,Honda,1997,938.00
Utah,2,Honda Civic,Honda,1998,915.00
Utah,3,Subaru Legacy,Subaru,1996,262.00
Utah,4,Ford Pickup (Full Size),Ford,2006,238.00
Utah,5,Chevrolet Pickup (Full Size),Chevrolet,2004,225.00
Utah,6,Dodge Pickup (Full Size),Dodge,2012,117.00
Utah,7,Subaru Impreza,Subaru,1997,106.00
Utah,8,Acura Integra,Acura,1995,103.00
Utah,9,Jeep Cherokee/Grand Cherokee,Jeep,1996,102.00
Utah,10,Nissan Altima,Nissan,1997,97.00
Vermont,1,Chevrolet Pickup (Full Size),Chevrolet,2001,15.00
Vermont,2,Ford Pickup (Full Size),Ford,2010,8.00
Vermont,2,Honda Accord,Honda,2002,8.00
Vermont,3,Hyundai Elantra,Hyundai,2015,7.00
Vermont,4,Honda Civic,Honda,2005,6.00
Vermont,4,Subaru Legacy,Subaru,1999,6.00
Vermont,5,Ford Pickup (Small Size),Ford,2002,5.00
Vermont,5,GMC Pickup (Full Size),GMC,2007,5.00
Vermont,5,Nissan Sentra,Nissan,2012,5.00
Vermont,5,Subaru Impreza,Subaru,2002,5.00
Virginia,1,Honda Accord,Honda,2002,266.00
Virginia,2,Ford Pickup (Full Size),Ford,2004,205.00
Virginia,3,Honda Civic,Honda,2013,200.00
Virginia,4,Toyota Camry,Toyota,2014,181.00
Virginia,5,Nissan Altima,Nissan,2015,162.00
Virginia,6,Chevrolet Pickup (Full Size),Chevrolet,2003,144.00
Virginia,7,Toyota Corolla,Toyota,2013,140.00
Virginia,8,Ford Explorer,Ford,2002,119.00
Virginia,9,Jeep Cherokee/Grand Cherokee,Jeep,2001,107.00
Virginia,10,Chevrolet Impala,Chevrolet,2006,105.00
Washington,1,Honda Accord,Honda,1996,3757.00
Washington,2,Honda Civic,Honda,1998,3113.00
Washington,3,Ford Pickup (Full Size),Ford,2004,745.00
Washington,4,Acura Integra,Acura,1994,640.00
Washington,5,Toyota Camry,Toyota,1989,602.00
Washington,6,Subaru Legacy,Subaru,1996,599.00
Washington,7,Chevrolet Pickup (Full Size),Chevrolet,1999,562.00
Washington,8,Jeep Cherokee/Grand Cherokee,Jeep,1994,362.00
Washington,9,Toyota Corolla,Toyota,2010,332.00
Washington,10,Nissan Sentra,Nissan,1997,296.00
West Virginia,1,Ford Pickup (Full Size),Ford,2003,87.00
West Virginia,2,Chevrolet Pickup (Full Size),Chevrolet,2000,76.00
West Virginia,3,Jeep Cherokee/Grand Cherokee,Jeep,1996,36.00
West Virginia,4,Dodge Pickup (Full Size),Dodge,2003,29.00
West Virginia,4,Chevrolet Pickup (Small Size),Chevrolet,1999,29.00
West Virginia,5,Chevrolet Impala,Chevrolet,2006,24.00
West Virginia,6,Toyota Camry,Toyota,2014,20.00
West Virginia,7,Ford Taurus,Ford,1995,19.00
West Virginia,8,GMC Pickup (Full Size),GMC,2011,18.00
West Virginia,9,Chevrolet Cavalier,Chevrolet,2002,17.00
Wisconsin,1,Dodge Caravan,Dodge,2002,1035.00
Wisconsin,2,Honda Civic,Honda,1998,470.00
Wisconsin,3,Honda Accord,Honda,1997,450.00
Wisconsin,4,Chrysler Town & Country,Chrysler,2002,313.00
Wisconsin,5,Chevrolet Impala,Chevrolet,2007,232.00
Wisconsin,6,Dodge Stratus,Dodge,2002,209.00
Wisconsin,7,Toyota Camry,Toyota,2007,191.00
Wisconsin,8,Chevrolet Malibu,Chevrolet,2015,179.00
Wisconsin,8,Dodge Intrepid,Dodge,2002,179.00
Wisconsin,9,Honda CR-V,Honda,2000,172.00
Wyoming,1,Chevrolet Pickup (Full Size),Chevrolet,2007,32.00
Wyoming,2,Ford Pickup (Full Size),Ford,2000,29.00
Wyoming,3,Dodge Pickup (Full Size),Dodge,2004,13.00
Wyoming,4,GMC Pickup (Full Size),GMC,2007,10.00
Wyoming,4,Jeep Cherokee/Grand Cherokee,Jeep,2000,10.00
Wyoming,5,Dodge Durango,Dodge,2002,9.00
Wyoming,5,Toyota Camry,Toyota,1997,9.00
Wyoming,6,GMC Yukon,GMC,2002,8.00
Wyoming,6,Honda Accord,Honda,1997,8.00
Wyoming,7,Chevrolet Cavalier,Chevrolet,2003,6.00